{"cameraMode":{"drawMode":0,"name":"Shaded","section":"Shading Mode"},"sceneLighting":false,"audioPlay":false,"sceneViewState":{"showFog":true,"showMaterialUpdate":false,"showSkybox":false,"showFlares":true,"showImageEffects":true,"showParticleSystems":true},"in2DMode":false,"pivot":{"x":1.2604999542236329,"y":2.528249979019165,"z":8.509500503540039},"rotation":{"x":-0.1745731681585312,"y":0.22520731389522553,"z":-0.04105331748723984,"w":-0.9576709270477295},"size":2.214510202407837,"orthographic":false}