{"cameraMode":{"drawMode":0,"name":"Shaded","section":"Shading Mode"},"sceneLighting":false,"audioPlay":false,"sceneViewState":{"showFog":true,"showMaterialUpdate":false,"showSkybox":false,"showFlares":true,"showImageEffects":true,"showParticleSystems":true},"in2DMode":false,"pivot":{"x":70.28070831298828,"y":11.901263236999512,"z":86.99651336669922},"rotation":{"x":-0.40615609288215639,"y":-0.4742739200592041,"z":0.26183006167411806,"w":-0.7359944581985474},"size":2.8578836917877199,"orthographic":false}