{"cameraMode":{"drawMode":0,"name":"Shaded","section":"Shading Mode"},"sceneLighting":false,"audioPlay":false,"sceneViewState":{"showFog":true,"showMaterialUpdate":false,"showSkybox":false,"showFlares":true,"showImageEffects":true,"showParticleSystems":true},"in2DMode":false,"pivot":{"x":225.8118133544922,"y":-32.24072265625,"z":40.37792205810547},"rotation":{"x":0.05765511840581894,"y":0.6407259702682495,"z":-0.0483400896191597,"w":0.7640852332115173},"size":237.38092041015626,"orthographic":false}