{"cameraMode":{"drawMode":0,"name":"Shaded","section":"Shading Mode"},"sceneLighting":true,"audioPlay":false,"sceneViewState":{"showFog":true,"showMaterialUpdate":false,"showSkybox":true,"showFlares":true,"showImageEffects":true,"showParticleSystems":true},"in2DMode":false,"pivot":{"x":75.55506134033203,"y":-27.71599006652832,"z":93.83348083496094},"rotation":{"x":-0.7146176099777222,"y":0.007779994048178196,"z":-0.0081916693598032,"w":-0.699606716632843},"size":233.34524536132813,"orthographic":false}