{"cameraMode":{"drawMode":0,"name":"Shaded","section":"Shading Mode"},"sceneLighting":true,"audioPlay":false,"sceneViewState":{"showFog":true,"showMaterialUpdate":false,"showSkybox":true,"showFlares":true,"showImageEffects":true,"showParticleSystems":true},"in2DMode":false,"pivot":{"x":85.66608428955078,"y":101.4789810180664,"z":88.30765533447266},"rotation":{"x":-0.0023045118432492019,"y":-0.7273873090744019,"z":0.686253547668457,"w":-0.002312998054549098},"size":8.271690368652344,"orthographic":false}