{"cameraMode":{"drawMode":0,"name":"Shaded","section":"Shading Mode"},"sceneLighting":false,"audioPlay":false,"sceneViewState":{"showFog":true,"showMaterialUpdate":false,"showSkybox":false,"showFlares":true,"showImageEffects":true,"showParticleSystems":true},"in2DMode":false,"pivot":{"x":-5.470000267028809,"y":2.795393466949463,"z":-5.020001411437988},"rotation":{"x":-0.41854894161224368,"y":-0.5757356882095337,"z":0.5479946136474609,"w":-0.43951600790023806},"size":12.95055866241455,"orthographic":false}