{"cameraMode":{"drawMode":0,"name":"Shaded","section":"Shading Mode"},"sceneLighting":true,"audioPlay":false,"sceneViewState":{"showFog":true,"showMaterialUpdate":false,"showSkybox":true,"showFlares":true,"showImageEffects":true,"showParticleSystems":true},"in2DMode":false,"pivot":{"x":86.74449920654297,"y":-136.39710998535157,"z":81.28506469726563},"rotation":{"x":-0.708861231803894,"y":0.0004936594632454217,"z":-0.000248019234277308,"w":-0.705450177192688},"size":242.03372192382813,"orthographic":false}