{"cameraMode":{"drawMode":0,"name":"Shaded","section":"Shading Mode"},"sceneLighting":false,"audioPlay":false,"sceneViewState":{"showFog":true,"showMaterialUpdate":false,"showSkybox":false,"showFlares":true,"showImageEffects":true,"showParticleSystems":true},"in2DMode":false,"pivot":{"x":131.2914276123047,"y":65.01555633544922,"z":177.0923309326172},"rotation":{"x":-0.044964518398046496,"y":0.8961102962493897,"z":-0.09335991740226746,"w":-0.43157821893692019},"size":7.581934928894043,"orthographic":false}