{"cameraMode":{"drawMode":0,"name":"Shaded","section":"Shading Mode"},"sceneLighting":false,"audioPlay":false,"sceneViewState":{"showFog":true,"showMaterialUpdate":false,"showSkybox":false,"showFlares":true,"showImageEffects":true,"showParticleSystems":true},"in2DMode":false,"pivot":{"x":-0.9103786945343018,"y":5.253098011016846,"z":17.57935905456543},"rotation":{"x":-0.08191946148872376,"y":-0.9106193780899048,"z":0.34149405360221865,"w":-0.21811455488204957},"size":0.2857885956764221,"orthographic":false}