{"cameraMode":{"drawMode":0,"name":"Shaded","section":"Shading Mode"},"sceneLighting":false,"audioPlay":false,"sceneViewState":{"showFog":true,"showMaterialUpdate":false,"showSkybox":false,"showFlares":true,"showImageEffects":true,"showParticleSystems":true},"in2DMode":false,"pivot":{"x":13.322741508483887,"y":3.3670830726623537,"z":10.070228576660157},"rotation":{"x":-0.044964518398046496,"y":0.8961102962493897,"z":-0.09335991740226746,"w":-0.43157821893692019},"size":0.9747278690338135,"orthographic":false}