{"cameraMode":{"drawMode":0,"name":"Shaded","section":"Shading Mode"},"sceneLighting":true,"audioPlay":false,"sceneViewState":{"showFog":true,"showMaterialUpdate":false,"showSkybox":true,"showFlares":true,"showImageEffects":true,"showParticleSystems":true},"in2DMode":false,"pivot":{"x":70.03923797607422,"y":117.80235290527344,"z":76.94366455078125},"rotation":{"x":-0.6796992421150208,"y":-0.005006095394492149,"z":0.004859630949795246,"w":-0.7335562705993652},"size":5.290305137634277,"orthographic":false}