{"cameraMode":{"drawMode":0,"name":"Shaded","section":"Shading Mode"},"sceneLighting":false,"audioPlay":false,"sceneViewState":{"showFog":true,"showMaterialUpdate":false,"showSkybox":false,"showFlares":true,"showImageEffects":true,"showParticleSystems":true},"in2DMode":false,"pivot":{"x":132.5712890625,"y":-58.63642120361328,"z":-178.08343505859376},"rotation":{"x":-0.0386078767478466,"y":-0.9485847353935242,"z":0.1277080625295639,"w":-0.28716087341308596},"size":246.0598602294922,"orthographic":false}