{"cameraMode":{"drawMode":0,"name":"Shaded","section":"Shading Mode"},"sceneLighting":true,"audioPlay":false,"sceneViewState":{"showFog":true,"showMaterialUpdate":false,"showSkybox":true,"showFlares":true,"showImageEffects":true,"showParticleSystems":true},"in2DMode":false,"pivot":{"x":0.604926586151123,"y":-149.9640655517578,"z":1.7505295276641846},"rotation":{"x":0.7014236450195313,"y":-0.0009624509257264435,"z":0.0006160233169794083,"w":0.712863028049469},"size":242.03372192382813,"orthographic":false}