{"cameraMode":{"drawMode":0,"name":"Shaded","section":"Shading Mode"},"sceneLighting":false,"audioPlay":false,"sceneViewState":{"showFog":true,"showMaterialUpdate":false,"showSkybox":false,"showFlares":true,"showImageEffects":true,"showParticleSystems":true},"in2DMode":false,"pivot":{"x":12.965180397033692,"y":-131.99948120117188,"z":56.63699722290039},"rotation":{"x":-0.582754909992218,"y":-0.003255231073126197,"z":0.0018089775694534183,"w":-0.812816321849823},"size":241.91937255859376,"orthographic":false}