{"cameraMode":{"drawMode":0,"name":"Shaded","section":"Shading Mode"},"sceneLighting":false,"audioPlay":false,"sceneViewState":{"showFog":true,"showMaterialUpdate":false,"showSkybox":false,"showFlares":true,"showImageEffects":true,"showParticleSystems":true},"in2DMode":false,"pivot":{"x":0.12500572204589845,"y":1.0000019073486329,"z":-0.05000114440917969},"rotation":{"x":0.7088096737861633,"y":-0.0000029616714982694249,"z":0.000003461183041508775,"w":0.7053993940353394},"size":241.91937255859376,"orthographic":false}