{"count":1,"gauges":{"VisualAgent_PPO_NOBC.CumulativeReward":{"count":11,"max":-2290.92822,"min":-3622.69,"value":-3502.3396,"weightedAverage":-3402.73975},"VisualAgent_SAC_r1.CumulativeReward":{"count":1,"max":-3500.96924,"min":-3500.96924,"value":-3500.96924,"weightedAverage":-3500.96924}},"self":324.601728,"total":855.39209999999991,"children":{"AgentSendState":{"count":42734,"self":4.6451259999999994,"total":7.970484,"children":{"CollectObservations":{"count":102564,"self":1.764444,"total":1.764444,"children":null},"CollectDiscreteActionMasks":{"count":102564,"self":1.560914,"total":1.560914,"children":null}}},"DecideAction":{"count":42734,"self":300.8173312,"total":516.665384,"children":{"CameraSensor.WriteToTensor":{"count":102564,"self":215.848064,"total":215.84805899999998,"children":null}}},"AgentAct":{"count":42734,"self":6.153772,"total":6.153772,"children":null}}}