{"count":1,"gauges":{"VisualAgent_SAC_r1.CumulativeReward":{"count":60,"max":-947.895935,"min":-2253.16724,"value":-1225.61536,"weightedAverage":-1342.00684},"VisualAgent_PPO_NOBC.CumulativeReward":{"count":60,"max":-530.5888,"min":-1905.27014,"value":-903.770752,"weightedAverage":-978.536438}},"self":356.8411648,"total":10643.658286,"children":{"AgentSendState":{"count":176584,"self":32.8064768,"total":972.11772999999994,"children":{"CollectObservations":{"count":423804,"self":8.7112448,"total":8.711245,"children":null},"CollectDiscreteActionMasks":{"count":423804,"self":7.0501207999999993,"total":7.050121,"children":null},"AgentInfo.ToProto":{"count":423804,"self":16.0529264,"total":923.549886,"children":{"GenerateSensorData":{"count":423804,"self":25.3046032,"total":907.496959,"children":{"CameraSensor.GetCompressedObservation":{"count":423804,"self":882.192384,"total":882.1923559999999,"children":null}}}}}}},"DecideAction":{"count":176584,"self":9286.7002368,"total":9286.699862,"children":null},"AgentAct":{"count":176584,"self":27.6418432,"total":27.641842,"children":null},"AgentInfo.ToProto":{"count":120,"self":0.005164,"total":0.35695,"children":{"GenerateSensorData":{"count":120,"self":0.007744,"total":0.351786,"children":{"CameraSensor.GetCompressedObservation":{"count":120,"self":0.34404199999999996,"total":0.34404199999999996,"children":null}}}}}}}