{"count":1,"gauges":{"VisualAgent_SAC_r1.CumulativeReward":{"count":102,"max":-654.420349,"min":-1610.4187,"value":-1563.0116,"weightedAverage":-1413.73071},"VisualAgent_PPO_NOBC.CumulativeReward":{"count":102,"max":-426.768463,"min":-1266.45044,"value":-1152.66589,"weightedAverage":-1026.67383}},"self":2332.1153535999997,"total":4810.786147,"children":{"AgentSendState":{"count":240518,"self":36.6730368,"total":62.729822,"children":{"CollectObservations":{"count":577248,"self":13.716844799999999,"total":13.716844,"children":null},"CollectDiscreteActionMasks":{"count":577248,"self":12.339939999999999,"total":12.339939999999999,"children":null}}},"DecideAction":{"count":240518,"self":1042.467328,"total":2370.9216069999998,"children":{"CameraSensor.WriteToTensor":{"count":577248,"self":1328.4542463999999,"total":1328.454235,"children":null}}},"AgentAct":{"count":240518,"self":45.0185536,"total":45.018553,"children":null}}}