{"count":1,"gauges":{"VisualAgent_PPO_NOBC.CumulativeReward":{"count":11,"max":-2421.022,"min":-3658.73242,"value":-2421.022,"weightedAverage":-2952.499},"VisualAgent_SAC_r1.CumulativeReward":{"count":1,"max":-2403.77661,"min":-2403.77661,"value":-2403.77661,"weightedAverage":-2403.77661}},"self":185.86118399999998,"total":994.560384,"children":{"AgentSendState":{"count":48308,"self":5.8447992,"total":10.118406,"children":{"CollectObservations":{"count":115944,"self":2.253148,"total":2.253148,"children":null},"CollectDiscreteActionMasks":{"count":115944,"self":2.020459,"total":2.020459,"children":null}}},"DecideAction":{"count":48308,"self":547.8334976,"total":792.00876699999992,"children":{"CameraSensor.WriteToTensor":{"count":115944,"self":244.1752832,"total":244.17529199999998,"children":null}}},"AgentAct":{"count":48308,"self":6.5713311999999995,"total":6.571331,"children":null}}}