{"count":1,"gauges":{"VisualAgent_SAC_r1.CumulativeReward":{"count":54,"max":-94.32497,"min":-468.7071,"value":-458.521881,"weightedAverage":-402.008423},"VisualAgent_PPO_NOBC.CumulativeReward":{"count":54,"max":-107.659279,"min":-436.960815,"value":-283.3152,"weightedAverage":-318.065948}},"self":254.44751359999998,"total":776.474922,"children":{"AgentSendState":{"count":38795,"self":4.3583808,"total":24.515309,"children":{"CollectObservations":{"count":86472,"self":1.516796,"total":1.516796,"children":null},"CollectDiscreteActionMasks":{"count":86472,"self":1.2942479999999998,"total":1.2942479999999998,"children":null},"CameraSensor.GetCompressedObservation":{"count":7206,"self":17.3458848,"total":17.345883999999998,"children":null}}},"DecideAction":{"count":38795,"self":327.7066496,"total":491.731851,"children":{"CameraSensor.WriteToTensor":{"count":79266,"self":164.02519039999999,"total":164.025193,"children":null}}},"AgentAct":{"count":38795,"self":5.7542992,"total":5.754299,"children":null},"CameraSensor.GetCompressedObservation":{"count":10,"self":0.025249999999999998,"total":0.025249999999999998,"children":null}}}