{"count":1,"gauges":{"VisualAgent_PPO_NOBC.CumulativeReward":{"count":99,"max":-4029.10034,"min":-10386.4814,"value":-5545.66943,"weightedAverage":-6573.404},"VisualAgent_SAC_r1.CumulativeReward":{"count":9,"max":-3785.584,"min":-7711.38135,"value":-5903.082,"weightedAverage":-5670.84766}},"self":10473.3253632,"total":25064.29548,"children":{"AgentSendState":{"count":1241709,"self":127.35132159999999,"total":209.582559,"children":{"CollectObservations":{"count":2081040,"self":43.3313184,"total":43.331317999999996,"children":null},"CollectDiscreteActionMasks":{"count":2081040,"self":38.8999264,"total":38.899924999999996,"children":null}}},"DecideAction":{"count":1241709,"self":9907.3245183999989,"total":14266.618299,"children":{"CameraSensor.WriteToTensor":{"count":2081040,"self":4359.2937471999994,"total":4359.293692,"children":null}}},"AgentAct":{"count":1241709,"self":114.7682816,"total":114.768278,"children":null}}}