{"count":1,"gauges":{"VisualAgent_SAC_r1.CumulativeReward":{"count":54,"max":-768.489,"min":-1504.157,"value":-823.678955,"weightedAverage":-901.7717},"VisualAgent_PPO_NOBC.CumulativeReward":{"count":54,"max":-441.018555,"min":-1255.22546,"value":-621.5522,"weightedAverage":-683.1907}},"self":448.5405184,"total":2790.986716,"children":{"AgentSendState":{"count":135121,"self":15.3293632,"total":26.477169999999997,"children":{"CollectObservations":{"count":324300,"self":5.8599232,"total":5.8599229999999993,"children":null},"CollectDiscreteActionMasks":{"count":324300,"self":5.2878832,"total":5.287883,"children":null}}},"DecideAction":{"count":135121,"self":1569.0173439999999,"total":2296.707261,"children":{"CameraSensor.WriteToTensor":{"count":324300,"self":727.6899328,"total":727.689948,"children":null}}},"AgentAct":{"count":135121,"self":19.2610736,"total":19.261073,"children":null}}}