{"count":1,"gauges":{"VisualAgent_SAC_r1.CumulativeReward":{"count":54,"max":-862.4241,"min":-1617.52661,"value":-888.384,"weightedAverage":-911.56665},"VisualAgent_PPO_NOBC.CumulativeReward":{"count":54,"max":-503.464569,"min":-1329.90588,"value":-648.081543,"weightedAverage":-661.406738}},"self":672.8279552,"total":3066.1957479999996,"children":{"AgentSendState":{"count":152519,"self":17.91896,"total":30.726221,"children":{"CollectObservations":{"count":347628,"self":6.7318712,"total":6.731871,"children":null},"CollectDiscreteActionMasks":{"count":347628,"self":6.07539,"total":6.07539,"children":null}}},"DecideAction":{"count":152519,"self":1579.5155968,"total":2340.901281,"children":{"CameraSensor.WriteToTensor":{"count":347628,"self":761.385728,"total":761.385719,"children":null}}},"AgentAct":{"count":152519,"self":21.7394848,"total":21.739485,"children":null}}}