{"count":1,"gauges":{},"self":27.2109024,"total":27.387062999999998,"children":{"AgentSendState":{"count":1358,"self":0.060712999999999996,"total":0.073315999999999992,"children":{"CollectObservations":{"count":272,"self":0.00645,"total":0.00645,"children":null},"CollectDiscreteActionMasks":{"count":272,"self":0.006153,"total":0.006153,"children":null}}},"DecideAction":{"count":1358,"self":0.030614,"total":0.030614,"children":null},"AgentAct":{"count":1358,"self":0.071293,"total":0.071293,"children":null}}}