{"count":1,"gauges":{},"self":28.818035199999997,"total":60.441741,"children":{"AgentSendState":{"count":3002,"self":0.186414,"total":0.277881,"children":{"CollectObservations":{"count":2404,"self":0.046452,"total":0.046452,"children":null},"CollectDiscreteActionMasks":{"count":2404,"self":0.045015,"total":0.045015,"children":null}}},"DecideAction":{"count":3002,"self":25.842264,"total":31.167344999999997,"children":{"CameraSensor.WriteToTensor":{"count":2404,"self":5.3250807999999994,"total":5.325081,"children":null}}},"AgentAct":{"count":3002,"self":0.17742,"total":0.17742,"children":null}}}