{"count":1,"gauges":{"VisualAgent_PPO_NOBC.CumulativeReward":{"count":32,"max":-238.128662,"min":-340.700531,"value":-289.097748,"weightedAverage":-298.931671}},"self":19.726630399999998,"total":331.74994599999997,"children":{"AgentSendState":{"count":11334,"self":2.480329,"total":73.726232,"children":{"CollectObservations":{"count":36272,"self":0.670078,"total":0.670078,"children":null},"CollectDiscreteActionMasks":{"count":36272,"self":0.562904,"total":0.562904,"children":null},"AgentInfo.ToProto":{"count":36272,"self":1.281236,"total":70.012920999999992,"children":{"GenerateSensorData":{"count":36272,"self":1.987628,"total":68.731685,"children":{"CameraSensor.GetCompressedObservation":{"count":36272,"self":66.744057599999991,"total":66.744057,"children":null}}}}}}},"DecideAction":{"count":11334,"self":236.0985088,"total":236.098503,"children":null},"AgentAct":{"count":11334,"self":2.11901,"total":2.1978299999999997,"children":{"AgentInfo.ToProto":{"count":32,"self":0.0013269999999999998,"total":0.07882,"children":{"GenerateSensorData":{"count":32,"self":0.0019429999999999998,"total":0.077492999999999992,"children":{"CameraSensor.GetCompressedObservation":{"count":32,"self":0.075549999999999992,"total":0.075549999999999992,"children":null}}}}}}}}}