{"count":1,"gauges":{"VisualAgent_PPO.CumulativeReward":{"count":44,"max":31.95946,"min":-357.0117,"value":-98.9968948,"weightedAverage":-163.358521}},"self":594.5697792,"total":1105.386072,"children":{"AgentSendState":{"count":55246,"self":4.3141767999999994,"total":32.12034,"children":{"CollectObservations":{"count":44200,"self":0.83655899999999994,"total":0.83655899999999994,"children":null},"CollectDiscreteActionMasks":{"count":44200,"self":0.794238,"total":0.794238,"children":null},"CameraSensor.GetCompressedObservation":{"count":11049,"self":26.175366399999998,"total":26.175366,"children":null}}},"DecideAction":{"count":55246,"self":409.33176319999995,"total":475.127996,"children":{"CameraSensor.WriteToTensor":{"count":33150,"self":65.7962368,"total":65.796238,"children":null}}},"AgentAct":{"count":55246,"self":3.5373272,"total":3.5672129999999997,"children":{"CameraSensor.GetCompressedObservation":{"count":11,"self":0.029886,"total":0.029886,"children":null}}}}}