{"count":1,"gauges":{},"self":148.15583999999998,"total":2785.4083259999998,"children":{"AgentSendState":{"count":58917,"self":18.010449599999998,"total":691.738966,"children":{"CollectObservations":{"count":282816,"self":5.023956,"total":5.023956,"children":null},"CollectDiscreteActionMasks":{"count":282816,"self":4.2478299999999996,"total":4.2478299999999996,"children":null},"AgentInfo.ToProto":{"count":282816,"self":9.621076,"total":664.45673,"children":{"GenerateSensorData":{"count":282816,"self":15.217246399999999,"total":654.835654,"children":{"CameraSensor.GetCompressedObservation":{"count":282816,"self":639.6184064,"total":639.61840699999993,"children":null}}}}}}},"DecideAction":{"count":58917,"self":1930.6682368,"total":1930.668277,"children":null},"AgentAct":{"count":58917,"self":14.8443776,"total":14.844377,"children":null}}}