{"count":1,"gauges":{},"self":20.1701536,"total":20.571243,"children":{"AgentSendState":{"count":1007,"self":0.037850999999999996,"total":0.045814,"children":{"CollectObservations":{"count":202,"self":0.004102,"total":0.004102,"children":null},"CollectDiscreteActionMasks":{"count":202,"self":0.003861,"total":0.003861,"children":null}}},"DecideAction":{"count":1007,"self":0.018383999999999998,"total":0.018383999999999998,"children":null},"AgentAct":{"count":1007,"self":0.336057,"total":0.336057,"children":null}}}