{"count":1,"gauges":{"VisualPyramids.CumulativeReward":{"count":3,"max":1.81919813,"min":1.7069962,"value":1.81919813,"weightedAverage":1.73785925}},"self":79.28467839999999,"total":106.456301,"children":{"AgentSendState":{"count":5308,"self":0.19155,"total":0.22952,"children":{"CollectObservations":{"count":1062,"self":0.019348999999999998,"total":0.019348999999999998,"children":null},"CollectDiscreteActionMasks":{"count":1062,"self":0.018621,"total":0.018621,"children":null}}},"DecideAction":{"count":5308,"self":24.572,"total":26.815597999999998,"children":{"CameraSensor.WriteToTensor":{"count":1062,"self":2.243598,"total":2.243598,"children":null}}},"AgentAct":{"count":5308,"self":0.125655,"total":0.125655,"children":null}}}