{"count":1,"gauges":{"VisualAgent_PPO_NOBC.CumulativeReward":{"count":24,"max":-966.452,"min":-1451.34155,"value":-1214.51941,"weightedAverage":-1193.58862}},"self":414.85181439999997,"total":740.055039,"children":{"AgentSendState":{"count":36986,"self":5.1442328,"total":8.847831,"children":{"CollectObservations":{"count":88776,"self":1.955334,"total":1.955334,"children":null},"CollectDiscreteActionMasks":{"count":88776,"self":1.7482639999999998,"total":1.7482639999999998,"children":null}}},"DecideAction":{"count":36986,"self":92.3610624,"total":310.169338,"children":{"CameraSensor.WriteToTensor":{"count":88776,"self":217.8082816,"total":217.80827399999998,"children":null}}},"AgentAct":{"count":36986,"self":6.1855699999999993,"total":6.1855699999999993,"children":null}}}