{"count":1,"gauges":{"VisualAgent_PPO.CumulativeReward":{"count":4,"max":-37.5424843,"min":-285.9976,"value":-114.000496,"weightedAverage":-111.181023}},"self":94.8852416,"total":168.432122,"children":{"AgentSendState":{"count":8405,"self":0.50066,"total":0.74747599999999992,"children":{"CollectObservations":{"count":6724,"self":0.12506599999999998,"total":0.12506599999999998,"children":null},"CollectDiscreteActionMasks":{"count":6724,"self":0.12175,"total":0.12175,"children":null}}},"DecideAction":{"count":8405,"self":60.884704,"total":72.245459,"children":{"CameraSensor.WriteToTensor":{"count":5043,"self":11.360752,"total":11.360752,"children":null}}},"AgentAct":{"count":8405,"self":0.553264,"total":0.553264,"children":null}}}