{"count":1,"gauges":{"VisualAgent_SAC.CumulativeReward":{"count":16,"max":10027.2109,"min":-2.05018473,"value":1057.94836,"weightedAverage":3492.37329}},"self":67.170144,"total":113.02362,"children":{"AgentSendState":{"count":5621,"self":0.913508,"total":1.581666,"children":{"CollectObservations":{"count":18000,"self":0.338717,"total":0.338717,"children":null},"CollectDiscreteActionMasks":{"count":18000,"self":0.329441,"total":0.329441,"children":null}}},"DecideAction":{"count":5621,"self":10.696116,"total":43.459953999999996,"children":{"CameraSensor.WriteToTensor":{"count":16875,"self":32.7638368,"total":32.763838,"children":null}}},"AgentAct":{"count":5621,"self":0.81113399999999991,"total":0.81113399999999991,"children":null}}}