{"count":1,"gauges":{"VisualAgent_PPO_NOBC.CumulativeReward":{"count":22,"max":-1344.66443,"min":-1955.5376,"value":-1872.84155,"weightedAverage":-1638.99023},"VisualAgent_SAC_r1.CumulativeReward":{"count":2,"max":-1846.47925,"min":-1926.86389,"value":-1846.47925,"weightedAverage":-1906.7677}},"self":286.61493759999996,"total":949.463628,"children":{"AgentSendState":{"count":47287,"self":5.9665672,"total":10.131181,"children":{"CollectObservations":{"count":113496,"self":2.21264,"total":2.21264,"children":null},"CollectDiscreteActionMasks":{"count":113496,"self":1.9519739999999999,"total":1.9519739999999999,"children":null}}},"DecideAction":{"count":47287,"self":354.9371648,"total":645.223931,"children":{"CameraSensor.WriteToTensor":{"count":113496,"self":290.28674559999996,"total":290.28675799999996,"children":null}}},"AgentAct":{"count":47287,"self":7.4928567999999993,"total":7.492857,"children":null}}}