{"count":1,"gauges":{"VisualPyramids.CumulativeReward":{"count":3,"max":1.580994,"min":1.03005493,"value":1.520393,"weightedAverage":1.25594056}},"self":143.141248,"total":200.21650499999998,"children":{"AgentSendState":{"count":9982,"self":0.378328,"total":0.45553499999999997,"children":{"CollectObservations":{"count":1997,"self":0.039004,"total":0.039004,"children":null},"CollectDiscreteActionMasks":{"count":1997,"self":0.038203,"total":0.038203,"children":null}}},"DecideAction":{"count":9982,"self":51.465136,"total":56.363789999999995,"children":{"CameraSensor.WriteToTensor":{"count":1997,"self":4.898654,"total":4.898654,"children":null}}},"AgentAct":{"count":9982,"self":0.2552,"total":0.2552,"children":null}}}