{"count":1,"gauges":{"VisualAgent_SAC_NOBC.CumulativeReward":{"count":108,"max":-754.4999,"min":-2021.26929,"value":-1440.67017,"weightedAverage":-1393.69873}},"self":1446.7120128,"total":2986.302542,"children":{"AgentSendState":{"count":149294,"self":22.175420799999998,"total":37.900275,"children":{"CollectObservations":{"count":358308,"self":8.2961872,"total":8.296187,"children":null},"CollectDiscreteActionMasks":{"count":358308,"self":7.428668,"total":7.428668,"children":null}}},"DecideAction":{"count":149294,"self":597.6598528,"total":1472.9740439999998,"children":{"CameraSensor.WriteToTensor":{"count":358308,"self":875.314176,"total":875.314209,"children":null}}},"AgentAct":{"count":149294,"self":28.715398399999998,"total":28.7154,"children":null}}}