{"count":1,"gauges":{"VisualAgent_PPO_NOBC.CumulativeReward":{"count":24,"max":57.3502045,"min":-208.8103,"value":52.1007462,"weightedAverage":-112.003372}},"self":326.9148672,"total":604.70751,"children":{"AgentSendState":{"count":30201,"self":2.43924,"total":17.648695999999997,"children":{"CollectObservations":{"count":24164,"self":0.470298,"total":0.470298,"children":null},"CollectDiscreteActionMasks":{"count":24164,"self":0.418434,"total":0.418434,"children":null},"CameraSensor.GetCompressedObservation":{"count":6040,"self":14.3207232,"total":14.320724,"children":null}}},"DecideAction":{"count":30201,"self":222.194304,"total":257.610317,"children":{"CameraSensor.WriteToTensor":{"count":18123,"self":35.4160192,"total":35.416019999999996,"children":null}}},"AgentAct":{"count":30201,"self":2.515012,"total":2.53289,"children":{"CameraSensor.GetCompressedObservation":{"count":6,"self":0.017877999999999998,"total":0.017877999999999998,"children":null}}}}}