{"count":1,"gauges":{"VisualAgent_PPO_NOBC.CumulativeReward":{"count":55,"max":-928.3152,"min":-3021.5813,"value":-2113.7356,"weightedAverage":-1744.90845},"VisualAgent_SAC_r1.CumulativeReward":{"count":5,"max":-1435.30847,"min":-2979.21533,"value":-2091.42847,"weightedAverage":-2097.24414}},"self":744.37898239999993,"total":2376.216336,"children":{"AgentSendState":{"count":118556,"self":14.8830656,"total":25.68631,"children":{"CollectObservations":{"count":284544,"self":5.6969899999999996,"total":5.6969899999999996,"children":null},"CollectDiscreteActionMasks":{"count":284544,"self":5.106254,"total":5.106254,"children":null}}},"DecideAction":{"count":118556,"self":936.32501759999991,"total":1591.125464,"children":{"CameraSensor.WriteToTensor":{"count":284544,"self":654.80043519999992,"total":654.800448,"children":null}}},"AgentAct":{"count":118556,"self":15.0247712,"total":15.024771,"children":null}}}